review_id,review
1,The instructions are confusing and hard to follow.
2,Great product! Helped me sleep better in just a few days.
3,The package arrived damaged and missing items.
4,Customer support was very helpful and resolved my issue quickly.
5,I love the taste and the packaging is nice too.
6,Too expensive for what it offers.
7,I've had a great experience. Works as advertised!
8,"It caused mild side effects, so I stopped using it."
9,Really effective and worth the money.
10,Didnâ€™t see any noticeable results after 2 weeks.
